"DESCRIPTION","DURATION IN MS","NAME","PARENT SUITE","START TIME","STATUS","STOP TIME","SUB SUITE","SUITE","TEST CLASS","TEST METHOD"
"","21328","Create accounts with edge case names","chromium","Sat Oct 10 08:18:10 UTC 2026","failed","Sat Oct 10 08:18:31 UTC 2026","","accounts/createAccount.spec.ts","",""
"","24078","Create and Convert Salesforce Lead","chromium","Sat Oct 10 08:28:58 UTC 2026","failed","Sat Oct 10 08:29:22 UTC 2026","","leads/convertLead.spec.ts","",""
"","21955","Edit Salesforce Account - Account Number","chromium","Sat Oct 10 08:20:22 UTC 2026","failed","Sat Oct 10 08:20:44 UTC 2026","","accounts/editAccount.spec.ts","",""
"","893","Create multiple Accounts via API using data-driven approach","chromium","Sat Oct 10 08:24:20 UTC 2026","failed","Sat Oct 10 08:24:21 UTC 2026","Salesforce Accounts API Tests with Fixture","api/accountsAPI.spec.ts","",""
"","20785","Edit Salesforce Account - Edge Case Name","chromium","Sat Oct 10 08:23:50 UTC 2026","failed","Sat Oct 10 08:24:11 UTC 2026","","accounts/editAccount.spec.ts","",""
"","21165","Create Salesforce Opportunity under a new account","chromium","Sat Oct 10 08:34:07 UTC 2026","failed","Sat Oct 10 08:34:29 UTC 2026","","opportunities/createOpportunity.spec.ts","",""
"","918","Validate permissions - Compare current vs baseline","chromium","Sat Oct 10 08:24:35 UTC 2026","failed","Sat Oct 10 08:24:35 UTC 2026","Salesforce Field Permissions API Tests","api/fieldPermissionsAPI.spec.ts","",""
"","14496","Delete Salesforce Account","chromium","Sat Oct 10 08:19:19 UTC 2026","failed","Sat Oct 10 08:19:34 UTC 2026","","accounts/deleteAccount.spec.ts","",""
"","21314","Create primary contact","chromium","Sat Oct 10 08:26:35 UTC 2026","failed","Sat Oct 10 08:26:56 UTC 2026","Salesforce Contact Tests > Multiple Contacts under same Account","contacts/createContact.spec.ts","",""
"","21307","Create Contact under a new Account","chromium","Sat Oct 10 08:25:27 UTC 2026","failed","Sat Oct 10 08:25:48 UTC 2026","Salesforce Contact Tests","contacts/createContact.spec.ts","",""
"","24421","Create Lead → Move through statuses → Convert","chromium","Sat Oct 10 08:31:36 UTC 2026","failed","Sat Oct 10 08:32:00 UTC 2026","Salesforce Lead End-to-End Lifecycle","leads/leadEndtoEnd.spec.ts","",""
"","21207","Create Account → Create Opportunity → Move Through All Stages","chromium","Sat Oct 10 08:38:42 UTC 2026","failed","Sat Oct 10 08:39:03 UTC 2026","Salesforce Opportunity End-to-End Lifecycle","opportunities/opportunityEndtoEnd.spec.ts","",""
"","857","Create single Account via API with direct request","chromium","Sat Oct 10 08:24:15 UTC 2026","failed","Sat Oct 10 08:24:16 UTC 2026","Salesforce Accounts API Tests","api/accountsAPI.spec.ts","",""
"","4024","Login to Salesforce","chromium","Sat Oct 10 08:24:36 UTC 2026","passed","Sat Oct 10 08:24:40 UTC 2026","","auth/login.spec.ts","",""
"","23724","Create Salesforce Lead","chromium","Sat Oct 10 08:30:17 UTC 2026","failed","Sat Oct 10 08:30:41 UTC 2026","","leads/createLead.spec.ts","",""
"","868","Create Salesforce Account via API","chromium","Sat Oct 10 08:24:25 UTC 2026","failed","Sat Oct 10 08:24:26 UTC 2026","","api/createAccountUsingAPI.spec.ts","",""
"","21443","Create Opportunity and move to Closed Won","chromium","Sat Oct 10 08:37:33 UTC 2026","failed","Sat Oct 10 08:37:55 UTC 2026","Salesforce Opportunity Stage Movement","opportunities/moveOpportunityStages.spec.ts","",""
"","21181","Create Opportunity and move to Qualification","chromium","Sat Oct 10 08:35:16 UTC 2026","failed","Sat Oct 10 08:35:37 UTC 2026","Salesforce Opportunity Stage Movement","opportunities/moveOpportunityStages.spec.ts","",""
"","21555","Edit Salesforce Account - Change Type","chromium","Sat Oct 10 08:21:32 UTC 2026","failed","Sat Oct 10 08:21:53 UTC 2026","","accounts/editAccount.spec.ts","",""
"","868","Generate baseline - Save current Field Permissions","chromium","Sat Oct 10 08:24:30 UTC 2026","failed","Sat Oct 10 08:24:31 UTC 2026","Salesforce Field Permissions API Tests","api/fieldPermissionsAPI.spec.ts","",""
"","20945","Create accounts for all account types","chromium","Sat Oct 10 08:17:01 UTC 2026","failed","Sat Oct 10 08:17:22 UTC 2026","","accounts/createAccount.spec.ts","",""
"","20877","Create Opportunity and move to Proposal/Price Quote","chromium","Sat Oct 10 08:36:25 UTC 2026","failed","Sat Oct 10 08:36:45 UTC 2026","Salesforce Opportunity Stage Movement","opportunities/moveOpportunityStages.spec.ts","",""
"","21159","Create secondary contact with different name","chromium","Sat Oct 10 08:27:43 UTC 2026","failed","Sat Oct 10 08:28:04 UTC 2026","Salesforce Contact Tests > Multiple Contacts under same Account","contacts/createContact.spec.ts","",""
"","21091","Edit Salesforce Account - Multiple Fields","chromium","Sat Oct 10 08:22:41 UTC 2026","failed","Sat Oct 10 08:23:02 UTC 2026","","accounts/editAccount.spec.ts","",""
"","20919","Create Salesforce Account","chromium","Sat Oct 10 08:15:52 UTC 2026","failed","Sat Oct 10 08:16:13 UTC 2026","","accounts/createAccount.spec.ts","",""
"","24538","Validate Salesforce Lead Status","chromium","Sat Oct 10 08:32:55 UTC 2026","failed","Sat Oct 10 08:33:20 UTC 2026","","leads/leadValidation.spec.ts","",""
